<?xml version="1.0"?>
<doc>
    <assembly>
        <name>JSOLib</name>
    </assembly>
    <members>
        <member name="T:JSOLib.JSOItem">
            <summary>
            After adding code into JSOProject , return the JSOItem for retrieving the obfuscated code later
            </summary>
        </member>
        <member name="P:JSOLib.JSOItem.Index">
            <summary>
            The sequence index of the file be added into JSOProject
            </summary>
        </member>
        <member name="P:JSOLib.JSOItem.FileName">
            <summary>
            The name of the item. custom file name or short name of the file path
            </summary>
        </member>
        <member name="P:JSOLib.JSOItem.FileCode">
            <summary>
            The code of the file
            </summary>
        </member>
        <member name="P:JSOLib.JSOItem.Compression">
            <summary>
            Set whether ask the server compress this file, will override the JSOProject.SelfCompression setting. Will not handle small code
            </summary>
        </member>
        <member name="P:JSOLib.JSOItem.OutputCode">
            <summary>
            get the obfuscated code after JSOProject.Protect succeed.
            </summary>
        </member>
        <member name="P:JSOLib.JSOItem.MyText">
            <summary>
            custom field to let developer attach more data on this JSOItem
            </summary>
        </member>
        <member name="P:JSOLib.JSOItem.MyName">
            <summary>
            custom field to let developer attach more data on this JSOItem
            </summary>
        </member>
        <member name="P:JSOLib.JSOItem.MyPath">
            <summary>
            custom field to let developer attach more data on this JSOItem
            </summary>
        </member>
        <member name="P:JSOLib.JSOItem.MyString">
            <summary>
            custom field to let developer attach more data on this JSOItem
            </summary>
        </member>
        <member name="P:JSOLib.JSOItem.MyObject">
            <summary>
            custom field to let developer attach more data on this JSOItem
            </summary>
        </member>
        <member name="P:JSOLib.JSOItem.MyInt32">
            <summary>
            custom field to let developer attach more data on this JSOItem
            </summary>
        </member>
        <member name="P:JSOLib.JSOItem.MyInt64">
            <summary>
            custom field to let developer attach more data on this JSOItem
            </summary>
        </member>
        <member name="T:JSOLib.JSOWebsite.JSOService">
            <remarks/>
        </member>
        <member name="M:JSOLib.JSOWebsite.JSOService.#ctor">
            <remarks/>
        </member>
        <member name="E:JSOLib.JSOWebsite.JSOService.HelloWorldCompleted">
            <remarks/>
        </member>
        <member name="E:JSOLib.JSOWebsite.JSOService.GetVersionInfoCompleted">
            <remarks/>
        </member>
        <member name="E:JSOLib.JSOWebsite.JSOService.GetFreeAccountApiInfoCompleted">
            <remarks/>
        </member>
        <member name="E:JSOLib.JSOWebsite.JSOService.LoginInitCompleted">
            <remarks/>
        </member>
        <member name="E:JSOLib.JSOWebsite.JSOService.LoginVerifyCompleted">
            <remarks/>
        </member>
        <member name="E:JSOLib.JSOWebsite.JSOService.ExecuteServiceCompleted">
            <remarks/>
        </member>
        <member name="M:JSOLib.JSOWebsite.JSOService.HelloWorld">
            <remarks/>
        </member>
        <member name="M:JSOLib.JSOWebsite.JSOService.HelloWorldAsync">
            <remarks/>
        </member>
        <member name="M:JSOLib.JSOWebsite.JSOService.HelloWorldAsync(System.Object)">
            <remarks/>
        </member>
        <member name="M:JSOLib.JSOWebsite.JSOService.GetVersionInfo(System.String)">
            <remarks/>
        </member>
        <member name="M:JSOLib.JSOWebsite.JSOService.GetVersionInfoAsync(System.String)">
            <remarks/>
        </member>
        <member name="M:JSOLib.JSOWebsite.JSOService.GetVersionInfoAsync(System.String,System.Object)">
            <remarks/>
        </member>
        <member name="M:JSOLib.JSOWebsite.JSOService.GetFreeAccountApiInfo">
            <remarks/>
        </member>
        <member name="M:JSOLib.JSOWebsite.JSOService.GetFreeAccountApiInfoAsync">
            <remarks/>
        </member>
        <member name="M:JSOLib.JSOWebsite.JSOService.GetFreeAccountApiInfoAsync(System.Object)">
            <remarks/>
        </member>
        <member name="M:JSOLib.JSOWebsite.JSOService.LoginInit(System.Int64,System.String,System.String,System.String)">
            <remarks/>
        </member>
        <member name="M:JSOLib.JSOWebsite.JSOService.LoginInitAsync(System.Int64,System.String,System.String,System.String)">
            <remarks/>
        </member>
        <member name="M:JSOLib.JSOWebsite.JSOService.LoginInitAsync(System.Int64,System.String,System.String,System.String,System.Object)">
            <remarks/>
        </member>
        <member name="M:JSOLib.JSOWebsite.JSOService.LoginVerify(System.String,System.Byte[],System.Byte[])">
            <remarks/>
        </member>
        <member name="M:JSOLib.JSOWebsite.JSOService.LoginVerifyAsync(System.String,System.Byte[],System.Byte[])">
            <remarks/>
        </member>
        <member name="M:JSOLib.JSOWebsite.JSOService.LoginVerifyAsync(System.String,System.Byte[],System.Byte[],System.Object)">
            <remarks/>
        </member>
        <member name="M:JSOLib.JSOWebsite.JSOService.ExecuteService(System.String,System.Byte[])">
            <remarks/>
        </member>
        <member name="M:JSOLib.JSOWebsite.JSOService.ExecuteServiceAsync(System.String,System.Byte[])">
            <remarks/>
        </member>
        <member name="M:JSOLib.JSOWebsite.JSOService.ExecuteServiceAsync(System.String,System.Byte[],System.Object)">
            <remarks/>
        </member>
        <member name="M:JSOLib.JSOWebsite.JSOService.CancelAsync(System.Object)">
            <remarks/>
        </member>
        <member name="T:JSOLib.JSOWebsite.LoginResult">
            <remarks/>
        </member>
        <member name="P:JSOLib.JSOWebsite.LoginResult.Succeed">
            <remarks/>
        </member>
        <member name="P:JSOLib.JSOWebsite.LoginResult.ErrorCode">
            <remarks/>
        </member>
        <member name="P:JSOLib.JSOWebsite.LoginResult.ErrorMessage">
            <remarks/>
        </member>
        <member name="P:JSOLib.JSOWebsite.LoginResult.SessionID">
            <remarks/>
        </member>
        <member name="P:JSOLib.JSOWebsite.LoginResult.PasswordSalt">
            <remarks/>
        </member>
        <member name="P:JSOLib.JSOWebsite.LoginResult.ServerSalt">
            <remarks/>
        </member>
        <member name="P:JSOLib.JSOWebsite.LoginResult.ServerKey">
            <remarks/>
        </member>
        <member name="T:JSOLib.JSOWebsite.HelloWorldCompletedEventHandler">
            <remarks/>
        </member>
        <member name="T:JSOLib.JSOWebsite.HelloWorldCompletedEventArgs">
            <remarks/>
        </member>
        <member name="P:JSOLib.JSOWebsite.HelloWorldCompletedEventArgs.Result">
            <remarks/>
        </member>
        <member name="T:JSOLib.JSOWebsite.GetVersionInfoCompletedEventHandler">
            <remarks/>
        </member>
        <member name="T:JSOLib.JSOWebsite.GetVersionInfoCompletedEventArgs">
            <remarks/>
        </member>
        <member name="P:JSOLib.JSOWebsite.GetVersionInfoCompletedEventArgs.Result">
            <remarks/>
        </member>
        <member name="T:JSOLib.JSOWebsite.GetFreeAccountApiInfoCompletedEventHandler">
            <remarks/>
        </member>
        <member name="T:JSOLib.JSOWebsite.GetFreeAccountApiInfoCompletedEventArgs">
            <remarks/>
        </member>
        <member name="P:JSOLib.JSOWebsite.GetFreeAccountApiInfoCompletedEventArgs.Result">
            <remarks/>
        </member>
        <member name="T:JSOLib.JSOWebsite.LoginInitCompletedEventHandler">
            <remarks/>
        </member>
        <member name="T:JSOLib.JSOWebsite.LoginInitCompletedEventArgs">
            <remarks/>
        </member>
        <member name="P:JSOLib.JSOWebsite.LoginInitCompletedEventArgs.Result">
            <remarks/>
        </member>
        <member name="T:JSOLib.JSOWebsite.LoginVerifyCompletedEventHandler">
            <remarks/>
        </member>
        <member name="T:JSOLib.JSOWebsite.LoginVerifyCompletedEventArgs">
            <remarks/>
        </member>
        <member name="P:JSOLib.JSOWebsite.LoginVerifyCompletedEventArgs.Result">
            <remarks/>
        </member>
        <member name="T:JSOLib.JSOWebsite.ExecuteServiceCompletedEventHandler">
            <remarks/>
        </member>
        <member name="T:JSOLib.JSOWebsite.ExecuteServiceCompletedEventArgs">
            <remarks/>
        </member>
        <member name="P:JSOLib.JSOWebsite.ExecuteServiceCompletedEventArgs.Result">
            <remarks/>
        </member>
        <member name="P:JSOLib.JSOProject.Name">
            <summary>
            The name of the project , it will be showed in apikey details page on javascriptobfuscator.com dashboard
            </summary>
        </member>
        <member name="P:JSOLib.JSOProject.KeepComment">
            <summary>
            Whether auto save the header comment and restore it after obfuscating
            </summary>
        </member>
        <member name="P:JSOLib.JSOProject.JSFileHeader">
            <summary>
            Add header code on js files after obfuscating
            </summary>
        </member>
        <member name="P:JSOLib.JSOProject.EncodeStrings">
            <summary>
            Encodes the strings make them harder to read by humans.
            </summary>
        </member>
        <member name="P:JSOLib.JSOProject.EncryptStrings">
            <summary>
            Encrypt strings in JavaScript code, providing an effective barrier against the analysing.
            </summary>
        </member>
        <member name="P:JSOLib.JSOProject.MoveStrings">
            <summary>
            Moving string variable into array.
            </summary>
        </member>
        <member name="P:JSOLib.JSOProject.ReplaceNames">
            <summary>
            Replace names with self generated ones making the resulted JavaScript code hard to understand; this process is irreversible.
            </summary>
        </member>
        <member name="P:JSOLib.JSOProject.RenameGlobals">
            <summary>
            Rename JavaScript Globals more aggressively.
            </summary>
        </member>
        <member name="P:JSOLib.JSOProject.DeepObfuscate">
            <summary>
            Deep Obfuscation will apply an advanced renaming algorithm.
            </summary>
        </member>
        <member name="P:JSOLib.JSOProject.AddDeadCode">
            <summary>
            Automatically insert No Operation Performed (NOP) code into the program.
            </summary>
        </member>
        <member name="P:JSOLib.JSOProject.SelfCompression">
            <summary>
            A tool to compress and minify JavaScript code.
            </summary>
        </member>
        <member name="P:JSOLib.JSOProject.MoveNested">
            <summary>
            
            </summary>
        </member>
        <member name="P:JSOLib.JSOProject.ReorderCode">
            <summary>
            Reorder JavaScript source code.
            </summary>
        </member>
        <member name="P:JSOLib.JSOProject.ReorderCodeEval">
            <summary>
            
            </summary>
        </member>
        <member name="P:JSOLib.JSOProject.ReorderCodeEvalAll">
            <summary>
            
            </summary>
        </member>
        <member name="P:JSOLib.JSOProject.ReorderCodeObjectDeclare">
            <summary>
            
            </summary>
        </member>
        <member name="P:JSOLib.JSOProject.ReorderCodeMinSize">
            <summary>
            
            </summary>
        </member>
        <member name="P:JSOLib.JSOProject.ReorderCodeEvalMinSize">
            <summary>
            
            </summary>
        </member>
        <member name="P:JSOLib.JSOProject.SelfCompressionMinSize">
            <summary>
            
            </summary>
        </member>
        <member name="P:JSOLib.JSOProject.WriteFormats">
            <summary>
            A debug tool that adds line breaks and indentation to output code to make it more readable.
            </summary>
        </member>
        <member name="P:JSOLib.JSOProject.MoveMembers">
            <summary>
            Moving members into array of array so that the members of the objects will be hidden.
            </summary>
        </member>
        <member name="P:JSOLib.JSOProject.RenameMembers">
            <summary>
            Rename JavaScript members more aggressively.
            </summary>
        </member>
        <member name="P:JSOLib.JSOProject.MixedServer">
            <summary>
            Obfuscate client script in a page that contains both server and client script.
            </summary>
        </member>
        <member name="P:JSOLib.JSOProject.CompressionRatio">
            <summary>
            Set the ratio of SelfCompression flag, Auto|Low|Medium|High|Best
            </summary>
        </member>
        <member name="P:JSOLib.JSOProject.DeadcodeLevel">
            <summary>
            Set how many dead code will be inserted into code when AddDeadCode flag turns on, Low|Medium|High
            </summary>
        </member>
        <member name="P:JSOLib.JSOProject.FlatTransform">
            <summary>
            Reorder statements in a very strong way
            </summary>
        </member>
    </members>
</doc>
